date,pm2_5,pm2_5_min,pm2_5_max
2024-01-01,19.18,5.7,31.9
2024-01-02,8.4,4.5,20.4
2024-01-03,11.62,6.7,23.2
2024-01-04,20.5,1.7,43.8
2024-01-05,4.67,2.0,13.3
2024-01-06,18.02,10.7,33.2
2024-01-07,4.26,1.1,8.8
2024-01-08,5.52,2.1,27.5
2024-01-09,32.75,17.2,59.8
2024-01-10,7.16,2.0,21.6
2024-01-11,5.93,2.9,12.9
2024-01-12,10.85,5.1,17.7
2024-01-13,5.94,2.4,10.1
2024-01-14,5.1,2.5,9.1
2024-01-15,7.34,3.4,16.4
2024-01-16,20.52,7.3,26.0
2024-01-17,4.54,3.1,8.1
2024-01-18,13.33,10.5,22.6
2024-01-19,23.27,9.3,37.0
2024-01-20,3.63,1.5,9.8
2024-01-21,1.94,1.2,3.9
2024-01-22,6.51,5.1,11.3
2024-01-23,21.13,15.1,48.1
2024-01-24,31.75,13.5,65.0
2024-01-25,15.54,5.2,39.7
2024-01-26,12.0,4.3,28.3
2024-01-27,21.3,4.9,54.9
2024-01-28,11.36,3.1,37.7
2024-01-29,2.75,1.9,4.2
2024-01-30,6.52,4.4,12.8
2024-01-31,8.89,6.5,19.1
2024-02-01,22.42,9.0,38.8
2024-02-02,21.45,5.2,32.7
2024-02-03,4.81,2.5,9.5
2024-02-04,10.36,5.4,16.6
2024-02-05,11.5,7.6,17.3
2024-02-06,10.08,5.4,14.3
2024-02-07,13.5,7.9,34.2
2024-02-08,30.28,12.7,53.0
2024-02-09,10.97,8.0,20.0
2024-02-10,19.03,13.5,25.8
2024-02-11,13.48,8.6,23.0
2024-02-12,13.24,8.0,27.1
2024-02-13,14.32,6.2,39.8
2024-02-14,3.98,1.4,9.9
2024-02-15,7.4,5.8,10.5
2024-02-16,4.76,1.3,10.8
2024-02-17,20.18,1.8,50.6
2024-02-18,9.43,7.7,13.8
2024-02-19,10.85,1.8,23.1
2024-02-20,10.37,3.6,25.0
2024-02-21,16.39,8.4,23.5
2024-02-22,17.58,7.7,25.8
2024-02-23,14.51,9.8,27.6
2024-02-24,13.58,3.2,32.1
2024-02-25,11.34,6.2,21.0
2024-02-26,15.5,10.8,23.6
2024-02-27,23.6,13.0,35.4
2024-02-28,10.9,8.7,13.3
2024-02-29,3.15,1.4,9.5
2024-03-01,12.48,8.1,16.6
2024-03-02,15.05,12.0,21.7
2024-03-03,7.48,3.6,26.6
2024-03-04,24.51,10.9,47.6
2024-03-05,6.45,4.2,11.1
2024-03-06,16.38,10.0,24.5
2024-03-07,4.18,1.7,16.7
2024-03-08,8.63,6.1,14.4
2024-03-09,10.85,7.5,18.1
2024-03-10,4.33,1.7,12.0
2024-03-11,3.4,0.9,7.0
2024-03-12,6.98,3.8,12.5
2024-03-13,19.4,14.9,24.7
2024-03-14,24.2,12.7,38.3
2024-03-15,16.19,2.5,40.6
2024-03-16,11.9,9.3,15.1
2024-03-17,8.58,5.1,13.3
2024-03-18,9.11,3.6,18.9
2024-03-19,5.1,2.3,13.0
2024-03-20,13.74,6.5,23.9
2024-03-21,1.78,1.0,6.6
2024-03-22,7.71,5.4,11.2
2024-03-23,16.09,3.5,26.7
2024-03-24,4.33,2.0,8.8
2024-03-25,9.22,6.6,13.8
2024-03-26,12.56,9.8,20.1
2024-03-27,17.43,10.2,31.5
2024-03-28,21.66,10.6,34.6
2024-03-29,10.12,4.7,19.2
2024-03-30,3.36,1.1,6.7
2024-03-31,11.85,5.1,19.6
2024-04-01,22.69,17.1,32.0
2024-04-02,31.35,9.3,42.5
2024-04-03,10.17,7.5,14.4
2024-04-04,2.68,0.9,7.3
2024-04-05,6.45,1.6,18.4
2024-04-06,3.22,1.0,9.1
2024-04-07,5.93,3.1,9.4
2024-04-08,20.5,15.6,29.3
2024-04-09,20.43,11.5,29.9
2024-04-10,18.87,16.2,31.1
2024-04-11,16.73,9.0,25.3
2024-04-12,8.47,5.5,11.2
2024-04-13,6.13,0.7,15.5
2024-04-14,7.83,3.5,11.0
2024-04-15,12.05,8.5,19.8
2024-04-16,7.49,2.2,19.3
2024-04-17,20.45,10.3,38.6
2024-04-18,11.64,8.0,16.8
2024-04-19,9.24,5.6,13.5
2024-04-20,11.22,9.3,13.5
2024-04-21,7.0,4.6,14.9
2024-04-22,10.01,5.9,16.1
2024-04-23,17.7,9.3,24.7
2024-04-24,12.92,6.5,17.2
2024-04-25,9.85,6.8,19.5
2024-04-26,16.84,10.6,25.0
2024-04-27,12.27,7.9,16.8
2024-04-28,15.77,11.3,26.8
2024-04-29,20.18,6.6,43.8
2024-04-30,17.44,11.4,26.4
2024-05-01,20.08,14.7,29.2
2024-05-02,13.62,9.9,20.0
2024-05-03,9.95,5.7,22.4
2024-05-04,15.11,5.0,28.2
2024-05-05,8.04,6.1,9.9
2024-05-06,15.95,10.8,23.2
2024-05-07,16.78,6.2,33.9
2024-05-08,17.81,8.9,27.4
2024-05-09,7.37,3.1,20.8
2024-05-10,12.2,3.0,39.6
2024-05-11,14.69,6.7,25.1
2024-05-12,8.28,5.6,11.7
2024-05-13,14.7,11.2,19.6
2024-05-14,12.14,6.6,17.5
2024-05-15,13.0,6.4,18.2
2024-05-16,4.78,2.9,9.6
2024-05-17,15.78,10.7,27.8
2024-05-18,26.16,12.8,50.3
2024-05-19,11.88,4.3,26.4
2024-05-20,18.41,8.1,27.5
2024-05-21,17.02,12.8,22.5
2024-05-22,17.8,10.7,24.3
2024-05-23,15.73,10.9,23.9
2024-05-24,20.02,7.7,32.4
2024-05-25,12.58,7.0,22.5
2024-05-26,25.78,18.6,35.0
2024-05-27,7.83,3.5,23.1
2024-05-28,10.75,6.9,12.8
2024-05-29,13.18,7.2,19.8
2024-05-30,12.89,4.7,33.1
2024-05-31,10.82,3.1,30.7
2024-06-01,8.43,5.1,13.8
2024-06-02,22.4,15.3,29.7
2024-06-03,20.87,12.5,28.6
2024-06-04,25.8,11.7,38.8
2024-06-05,14.55,7.7,20.0
2024-06-06,11.08,7.1,18.9
2024-06-07,17.95,9.7,31.5
2024-06-08,8.0,2.2,19.6
2024-06-09,14.23,5.8,19.7
2024-06-10,8.98,2.8,18.5
2024-06-11,10.57,2.5,22.5
2024-06-12,18.93,7.0,40.2
2024-06-13,22.1,11.6,33.4
2024-06-14,13.72,9.3,27.5
2024-06-15,14.4,5.3,42.6
2024-06-16,8.67,5.0,13.2
2024-06-17,12.66,7.9,17.2
2024-06-18,13.02,10.4,17.4
2024-06-19,12.27,8.5,18.3
2024-06-20,11.47,5.9,21.5
2024-06-21,12.9,9.9,18.8
2024-06-22,20.61,14.8,27.5
2024-06-23,21.61,6.3,44.8
2024-06-24,12.68,3.6,23.1
2024-06-25,10.35,5.7,14.7
2024-06-26,15.61,9.8,24.5
2024-06-27,14.33,3.9,28.4
2024-06-28,6.79,2.8,14.9
2024-06-29,9.9,7.1,12.8
2024-06-30,15.15,5.9,25.9
2024-07-01,9.81,3.2,24.6
2024-07-02,10.45,6.8,14.4
2024-07-03,12.15,5.7,22.7
2024-07-04,11.24,6.0,18.3
2024-07-05,22.7,17.1,26.8
2024-07-06,18.35,13.2,23.7
2024-07-07,25.92,18.3,33.1
2024-07-08,36.44,18.9,57.9
2024-07-09,20.43,16.8,33.4
2024-07-10,11.31,5.3,21.4
2024-07-11,9.4,3.9,16.0
2024-07-12,13.17,7.7,19.4
2024-07-13,10.71,5.3,15.8
2024-07-14,22.98,19.0,31.9
2024-07-15,22.53,15.7,32.2
2024-07-16,18.32,12.9,27.6
2024-07-17,28.5,25.1,32.7
2024-07-18,20.1,10.2,34.0
2024-07-19,8.3,2.5,17.3
2024-07-20,24.43,13.9,36.0
2024-07-21,23.39,19.3,30.5
2024-07-22,17.99,10.6,25.7
2024-07-23,11.67,9.2,17.5
2024-07-24,26.4,17.2,44.4
2024-07-25,26.87,17.9,35.2
2024-07-26,12.11,6.2,27.0
2024-07-27,14.43,9.6,23.2
2024-07-28,32.0,15.8,50.2
2024-07-29,19.32,10.7,28.1
2024-07-30,20.17,9.6,32.6
2024-07-31,12.46,6.9,23.3
2024-08-01,19.98,12.6,28.2
2024-08-02,28.57,14.5,43.1
2024-08-03,22.92,8.8,31.9
2024-08-04,22.78,17.3,27.6
2024-08-05,16.69,9.7,23.4
2024-08-06,24.08,17.0,28.8
2024-08-07,8.58,2.6,22.8
2024-08-08,8.88,7.4,10.8
2024-08-09,7.89,6.0,10.3
2024-08-10,10.31,5.9,16.5
2024-08-11,11.81,7.9,19.1
2024-08-12,16.21,9.4,27.2
2024-08-13,8.72,2.0,19.3
2024-08-14,18.47,9.9,30.6
2024-08-15,18.82,12.7,32.5
2024-08-16,32.64,20.7,45.8
2024-08-17,24.11,17.8,42.1
2024-08-18,18.77,10.3,27.4
2024-08-19,12.52,6.0,21.5
2024-08-20,5.21,1.4,13.7
2024-08-21,10.02,7.5,13.1
2024-08-22,13.66,10.2,22.1
2024-08-23,19.59,7.0,38.5
2024-08-24,25.13,12.4,36.6
2024-08-25,27.31,12.0,45.4
2024-08-26,19.87,10.8,30.9
2024-08-27,28.1,14.8,40.2
2024-08-28,15.52,8.2,24.3
2024-08-29,11.4,7.6,16.6
2024-08-30,9.39,7.7,10.9
2024-08-31,12.2,7.5,18.2
2024-09-01,15.26,13.2,19.8
2024-09-02,11.75,5.5,31.0
2024-09-03,9.09,5.8,20.2
2024-09-04,21.19,7.1,41.7
2024-09-05,20.39,7.2,37.3
2024-09-06,11.65,8.4,16.1
2024-09-07,9.92,6.6,15.0
2024-09-08,7.64,2.6,19.0
2024-09-09,8.41,4.7,14.5
2024-09-10,12.12,4.1,23.7
2024-09-11,10.09,5.7,20.0
2024-09-12,20.44,14.7,35.2
2024-09-13,19.55,13.1,26.7
2024-09-14,28.09,14.2,44.0
2024-09-15,24.23,7.5,53.7
2024-09-16,11.99,9.1,17.2
2024-09-17,13.33,7.5,20.1
2024-09-18,13.89,7.9,21.7
2024-09-19,16.45,10.7,22.6
2024-09-20,11.49,5.7,20.9
2024-09-21,7.16,5.2,11.8
2024-09-22,7.52,4.6,12.6
2024-09-23,8.0,6.4,13.1
2024-09-24,7.17,4.6,12.9
2024-09-25,6.55,4.2,10.1
2024-09-26,9.72,7.0,12.0
2024-09-27,12.68,9.4,16.9
2024-09-28,12.36,7.6,26.2
2024-09-29,9.63,7.0,12.5
2024-09-30,11.03,6.9,15.9
2024-10-01,8.06,5.2,12.5
2024-10-02,7.56,5.1,14.9
2024-10-03,12.88,10.2,23.4
2024-10-04,13.1,9.4,22.4
2024-10-05,10.37,6.7,16.6
2024-10-06,10.1,7.1,14.9
2024-10-07,9.55,5.8,17.3
2024-10-08,6.31,1.9,12.9
2024-10-09,9.94,4.4,14.7
2024-10-10,6.09,3.1,13.5
2024-10-11,8.74,6.5,15.0
2024-10-12,7.34,2.6,17.9
2024-10-13,9.02,6.3,13.5
2024-10-14,15.58,1.4,23.7
2024-10-15,4.42,2.5,6.8
2024-10-16,4.83,1.1,10.5
2024-10-17,7.68,4.3,10.2
2024-10-18,5.08,2.1,16.2
2024-10-19,12.58,6.5,26.8
2024-10-20,17.47,6.2,29.3
2024-10-21,14.5,8.1,22.2
2024-10-22,13.4,7.8,26.1
2024-10-23,14.17,7.9,18.7
2024-10-24,7.7,3.0,14.7
2024-10-25,5.8,3.5,14.7
2024-10-26,8.28,2.3,14.8
2024-10-27,5.13,2.2,14.3
2024-10-28,14.81,6.9,25.1
2024-10-29,12.67,9.1,16.9
2024-10-30,16.36,11.3,22.8
2024-10-31,16.85,7.3,23.2
2024-11-01,6.85,4.3,13.1
2024-11-02,4.88,1.9,7.6
2024-11-03,9.55,6.6,25.3
2024-11-04,11.25,7.7,16.5
2024-11-05,10.07,6.4,13.6
2024-11-06,6.65,3.6,10.5
2024-11-07,9.13,4.5,14.8
2024-11-08,8.24,5.2,11.8
2024-11-09,3.82,1.6,12.1
2024-11-10,14.64,7.3,24.2
2024-11-11,5.58,2.5,11.0
2024-11-12,5.09,1.2,12.0
2024-11-13,4.54,2.1,11.2
2024-11-14,8.35,5.0,17.1
2024-11-15,11.01,3.4,22.1
2024-11-16,4.41,2.2,6.2
2024-11-17,5.0,2.5,18.3
2024-11-18,16.94,6.1,29.3
2024-11-19,8.48,4.9,25.5
2024-11-20,22.66,11.8,37.3
2024-11-21,6.88,2.7,15.3
2024-11-22,3.66,1.0,6.5
2024-11-23,6.91,2.4,13.8
2024-11-24,4.25,2.8,7.4
2024-11-25,10.41,6.3,27.8
2024-11-26,15.28,4.0,29.6
2024-11-27,10.94,5.8,17.0
2024-11-28,15.77,3.2,27.2
2024-11-29,5.02,2.2,9.2
2024-11-30,5.37,3.3,12.3
2024-12-01,11.01,5.0,15.8
2024-12-02,11.83,5.3,16.8
2024-12-03,9.19,2.9,15.5
2024-12-04,11.3,7.8,24.7
2024-12-05,8.08,2.2,11.5
2024-12-06,2.64,1.3,5.5
2024-12-07,9.1,5.8,15.5
2024-12-08,14.43,6.6,31.4
2024-12-09,23.42,11.3,43.3
2024-12-10,23.22,9.9,38.1
2024-12-11,7.32,3.1,11.8
2024-12-12,2.5,1.6,5.0
2024-12-13,7.43,2.7,13.3
2024-12-14,14.85,7.9,37.6
2024-12-15,16.0,10.7,28.1
2024-12-16,12.18,8.0,16.8
2024-12-17,10.27,4.1,17.9
2024-12-18,16.49,8.9,49.4
2024-12-19,11.45,1.3,37.4
2024-12-20,15.07,12.0,19.8
2024-12-21,6.02,2.9,10.2
2024-12-22,5.17,3.0,10.0
2024-12-23,15.2,11.7,28.6
2024-12-24,18.47,7.1,40.7
2024-12-25,15.8,6.2,22.0
2024-12-26,24.01,16.7,61.0
2024-12-27,51.49,31.9,73.8
2024-12-28,33.97,20.1,69.2
2024-12-29,21.33,10.4,31.0
2024-12-30,5.48,2.5,10.5
2024-12-31,13.19,8.5,32.2
